FECHA,N1,N2,N3,N4,N5,N6
31/12/2025,5,16,27,34,44,45
31/12/2023,5,9,27,29,32,53
31/12/2021,4,9,17,19,53,56
31/12/2017,9,35,39,43,55,56
31/12/2014,17,23,51,53,54,56
31/10/2025,13,16,30,31,33,34
31/10/2021,2,10,13,14,18,53
31/10/2018,7,25,33,35,40,45
31/10/2012,25,26,28,45,48,49
31/10/2010,5,31,32,40,41,54
31/08/2025,14,19,21,34,49,52
31/08/2022,22,38,40,41,42,53
31/08/2016,1,4,5,28,30,53
31/08/2014,3,6,10,22,25,27
31/08/2011,3,9,12,16,17,36
31/07/2024,6,19,29,34,40,48
31/07/2022,6,15,16,28,43,56
31/07/2019,6,12,28,44,50,56
31/07/2016,16,21,37,41,45,46
31/07/2013,10,20,21,31,33,37
31/07/2011,7,9,16,24,37,54
31/05/2024,10,25,46,49,50,52
31/05/2023,14,15,24,33,41,53
31/05/2017,25,28,30,43,47,53
31/05/2015,7,14,18,28,29,33
31/03/2024,2,4,19,26,37,56
31/03/2023,6,14,36,42,48,56
31/03/2021,11,19,21,36,47,53
31/03/2019,3,11,16,19,54,56
31/03/2013,4,30,39,47,50,53
31/01/2025,10,12,14,25,31,37
31/01/2024,14,25,31,32,37,55
31/01/2021,7,18,19,29,40,56
31/01/2018,14,18,25,35,36,55
31/01/2016,12,21,26,30,38,43
30/12/2022,3,7,8,26,31,48
30/12/2020,13,24,26,40,43,55
30/12/2018,27,28,29,31,42,48
30/12/2015,5,7,11,36,47,55
30/12/2012,1,16,29,37,46,52
30/11/2025,16,21,31,34,42,44
30/11/2022,6,14,27,37,42,54
30/11/2016,7,15,22,28,40,49
30/11/2014,10,16,17,24,28,55
30/11/2011,9,23,24,26,43,50
30/10/2024,8,18,24,33,36,55
30/10/2022,4,9,43,44,45,46
30/10/2019,2,11,18,23,34,48
30/10/2016,6,9,34,40,46,56
30/10/2013,11,15,17,20,22,54
30/10/2011,2,19,40,47,48,49
30/09/2022,11,25,33,36,38,49
30/09/2020,14,20,25,29,34,56
30/09/2018,34,39,42,44,45,48
30/09/2015,9,20,25,27,45,51
30/09/2012,9,12,17,31,41,47
30/08/2024,14,26,27,34,37,45
30/08/2023,1,5,7,17,43,49
30/08/2020,7,24,34,40,53,55
30/08/2017,4,6,8,11,12,34
30/08/2015,6,8,11,21,37,54
30/07/2025,9,10,20,35,37,46
30/07/2023,9,12,14,18,40,46
30/07/2017,20,25,36,45,46,52
30/07/2014,12,15,24,38,45,49
30/06/2024,6,13,27,39,40,41
30/06/2023,8,10,15,43,45,46
30/06/2021,5,8,15,23,29,49
30/06/2019,22,28,29,31,55,56
30/06/2013,2,7,16,18,28,33
30/05/2025,9,26,38,40,46,55
30/05/2021,7,10,21,25,38,47
30/05/2018,2,7,18,48,52,55
30/05/2012,5,20,21,39,45,52
30/04/2025,1,10,16,21,29,50
30/04/2023,25,27,43,45,52,55
30/04/2017,11,27,30,32,45,55
30/04/2014,4,24,26,32,38,48
30/03/2025,1,10,16,21,29,50
30/03/2022,35,41,42,46,47,51
30/03/2016,4,8,34,40,50,56
30/03/2014,4,29,36,38,49,56
30/03/2011,4,5,18,33,36,49
30/01/2026,6,13,34,40,43,45
30/01/2022,5,31,35,47,48,50
30/01/2019,4,14,18,29,36,50
30/01/2013,10,24,26,30,43,54
30/01/2011,13,18,39,47,50,52
29/12/2024,16,21,23,40,41,54
29/12/2023,2,6,7,16,37,50
29/12/2021,1,15,26,38,47,52
29/12/2019,13,27,32,35,39,47
29/12/2013,3,7,8,17,21,48
29/12/2010,2,4,11,12,33,54
29/11/2024,4,19,28,37,38,56
29/11/2023,7,9,24,29,31,55
29/11/2020,20,31,35,40,42,53
29/11/2017,2,15,32,35,45,54
29/11/2015,16,18,22,41,44,49
29/10/2025,12,33,34,36,38,43
29/10/2023,16,19,34,37,44,45
29/10/2017,1,3,11,12,21,31
29/10/2014,3,13,20,33,49,54
29/09/2024,25,28,31,43,47,49
29/09/2023,23,24,25,35,41,54
29/09/2021,2,18,23,37,43,44
29/09/2019,5,13,25,44,50,55
29/09/2013,6,17,26,31,44,48
29/09/2010,21,23,27,29,43,45
29/08/2025,7,12,26,28,46,47
29/08/2021,2,25,36,44,46,50
29/08/2018,5,21,22,25,32,34
29/08/2012,7,9,11,26,50,52
29/08/2010,1,13,23,31,32,48
29/07/2022,2,6,30,32,38,49
29/07/2020,13,14,28,36,39,52
29/07/2018,4,13,27,31,36,45
29/07/2015,4,6,7,16,31,46
29/07/2012,4,12,18,29,45,54
29/06/2025,9,20,37,47,50,52
29/06/2022,9,13,18,19,23,38
29/06/2016,6,20,21,39,44,56
29/06/2014,2,5,10,29,40,48
29/06/2011,4,9,28,40,51,55
29/05/2024,7,10,19,26,28,34
29/05/2022,8,22,29,30,34,55
29/05/2019,17,20,34,39,42,47
29/05/2016,27,31,35,40,44,54
29/05/2013,15,16,21,24,33,50
29/05/2011,2,4,14,24,29,39
29/04/2022,2,12,20,22,40,55
29/04/2018,10,11,12,13,15,23
29/04/2015,4,5,23,24,26,38
29/04/2012,8,22,31,34,36,45
29/03/2024,5,11,26,29,39,56
29/03/2023,10,30,32,36,48,52
29/03/2020,6,7,30,35,43,54
29/03/2017,4,7,10,24,28,33
29/03/2015,11,16,41,43,53,56
29/02/2012,8,9,12,18,28,42
29/01/2025,8,14,16,23,54,56
29/01/2023,1,11,13,46,50,55
29/01/2020,5,11,28,43,44,55
29/01/2017,2,11,14,25,41,46
29/01/2014,8,19,34,39,41,54
29/01/2012,6,7,24,42,48,50
28/12/2025,15,29,33,34,35,43
28/12/2022,19,21,22,27,45,54
28/12/2016,9,22,27,39,46,48
28/12/2014,13,19,33,37,53,56
28/12/2011,10,12,20,21,29,54
28/11/2025,7,26,30,31,34,34
28/11/2021,2,22,23,26,46,52
28/11/2018,6,24,36,40,47,54
28/11/2012,17,19,32,51,53,54
28/11/2010,5,22,41,45,55,56
28/10/2022,1,28,30,31,48,49
28/10/2020,2,3,23,26,29,46
28/10/2018,4,11,15,16,41,50
28/10/2015,3,30,31,45,53,54
28/10/2012,2,34,40,43,49,54
28/09/2025,15,17,25,29,34,45
28/09/2022,5,13,17,21,28,45
28/09/2016,24,32,43,48,50,54
28/09/2014,2,9,11,20,44,56
28/09/2011,16,27,33,35,37,40
28/08/2024,15,19,25,27,47,53
28/08/2022,10,12,16,39,42,52
28/08/2019,5,10,37,38,40,46
28/08/2016,5,25,28,36,40,48
28/08/2013,2,12,24,34,41,47
28/08/2011,17,21,39,41,44,49
28/07/2024,26,31,32,39,47,53
28/07/2023,5,24,35,37,42,44
28/07/2021,2,5,14,38,39,47
28/07/2019,1,5,10,38,48,49
28/07/2013,2,4,17,18,20,40
28/06/2024,16,18,22,29,34,55
28/06/2023,23,32,36,43,48,52
28/06/2017,2,7,16,19,26,35
28/06/2015,14,28,29,36,45,50
28/05/2025,1,7,30,31,49,54
28/05/2023,9,31,44,46,50,56
28/05/2017,13,15,17,27,52,54
28/05/2014,6,18,24,32,33,38
28/04/2024,15,21,29,35,49,51
28/04/2023,4,9,14,30,32,33
28/04/2021,3,18,21,27,49,56
28/04/2019,1,5,23,29,30,51
28/04/2013,11,12,25,29,38,50
28/03/2025,14,27,33,39,50,56
28/03/2021,8,13,16,17,48,54
28/03/2018,1,8,21,28,41,42
28/03/2012,4,10,13,32,35,42
28/02/2025,5,10,30,31,35,50
28/02/2024,13,19,29,40,45,54
28/02/2021,1,12,22,25,35,51
28/02/2018,4,9,10,16,35,50
28/02/2016,2,12,21,30,33,54
28/01/2026,8,19,34,35,48,51
28/01/2024,8,10,11,17,42,47
28/01/2022,19,33,34,38,46,49
28/01/2018,4,13,14,19,30,38
28/01/2015,1,17,27,34,42,52
27/12/2024,3,4,11,21,31,55
27/12/2023,1,9,27,29,36,45
27/12/2020,6,16,32,36,54,55
27/12/2017,6,8,25,26,27,35
27/12/2015,2,19,29,37,50,54
27/11/2024,19,25,32,35,53,54
27/11/2022,5,25,28,34,36,38
27/11/2019,24,33,38,40,47,48
27/11/2016,14,26,28,44,50,51
27/11/2013,15,30,34,35,38,51
27/11/2011,1,10,28,35,39,51
27/10/2024,6,16,30,32,47,49
27/10/2023,19,28,29,32,36,50
27/10/2021,5,7,30,38,53,56
27/10/2019,3,35,36,46,47,52
27/10/2013,18,22,23,26,42,49
27/10/2010,7,11,12,32,48,51
27/09/2024,9,17,28,31,46,48
27/09/2023,7,23,26,30,38,47
27/09/2020,3,4,7,8,25,34
27/09/2017,3,8,26,35,50,53
27/09/2015,3,27,35,40,47,49
27/08/2025,15,26,32,35,47,49
27/08/2023,2,5,15,16,34,38
27/08/2017,1,9,24,34,46,50
27/08/2014,12,14,19,27,40,42
27/07/2025,4,8,24,25,42,43
27/07/2022,6,11,18,27,41,47
27/07/2016,9,24,30,41,43,53
27/07/2014,4,18,23,45,47,53
27/07/2011,13,18,34,37,46,52
27/06/2025,1,15,19,35,36,49
27/06/2021,11,19,20,42,47,53
27/06/2018,11,29,33,40,51,55
27/06/2012,15,20,33,36,40,48
27/05/2022,4,10,25,33,40,50
27/05/2018,6,23,24,32,41,44
27/05/2015,14,18,24,27,32,56
27/05/2012,8,18,22,24,32,38
27/04/2025,14,22,28,42,52,55
27/04/2022,11,13,23,34,44,53
27/04/2016,11,16,19,35,42,46
27/04/2014,5,8,16,32,36,39
27/04/2011,4,7,16,42,43,52
27/03/2024,8,12,24,37,53,55
27/03/2022,4,6,22,40,54,56
27/03/2019,8,9,24,40,45,46
27/03/2016,17,23,24,26,36,51
27/03/2013,6,12,18,24,32,42
27/03/2011,13,16,31,40,44,52
27/02/2022,7,12,19,31,40,47
27/02/2019,9,12,31,34,52,56
27/02/2013,2,5,18,19,33,35
27/02/2011,13,26,33,35,37,49
27/01/2023,13,14,20,25,48,50
27/01/2021,6,15,17,25,32,41
27/01/2019,3,5,6,12,34,43
27/01/2016,1,14,29,30,31,56
27/01/2013,4,8,21,35,41,56
26/12/2025,14,16,32,34,48,51
26/12/2021,10,20,24,35,55,56
26/12/2018,10,29,37,44,50,52
26/12/2012,3,8,9,21,26,50
26/12/2010,4,8,11,34,46,52
26/11/2025,13,14,23,33,34,38
26/11/2023,6,19,41,46,52,54
26/11/2021,5,13,16,22,25,41
26/11/2017,1,2,17,49,51,56
26/11/2014,2,26,27,33,39,41
26/10/2025,13,23,28,34,40,49
26/10/2022,9,10,15,24,53,56
26/10/2016,3,5,14,29,30,56
26/10/2014,6,12,18,19,29,36
26/10/2011,9,31,40,49,52,55
26/09/2025,4,5,11,26,34,35
26/09/2021,10,13,14,20,24,33
26/09/2018,6,21,22,33,34,54
26/09/2012,1,9,12,34,36,44
26/09/2010,5,6,9,23,27,45
26/08/2022,3,4,16,28,34,38
26/08/2020,7,18,19,22,27,43
26/08/2018,2,3,14,45,53,56
26/08/2015,10,14,22,45,50,56
26/08/2012,6,22,24,27,41,54
26/07/2024,1,9,10,13,30,31
26/07/2023,6,9,34,35,36,43
26/07/2020,17,20,31,49,50,51
26/07/2017,3,4,10,25,26,52
26/07/2015,6,8,36,42,52,53
26/06/2024,2,25,37,41,43,54
26/06/2022,2,3,5,19,27,32
26/06/2019,3,4,16,21,25,29
26/06/2016,4,8,23,29,44,55
26/06/2013,1,7,9,20,37,41
26/06/2011,4,13,14,17,23,24
26/05/2024,5,16,22,41,44,45
26/05/2023,17,22,24,27,28,55
26/05/2021,6,7,16,21,32,50
26/05/2019,32,41,47,48,51,56
26/05/2013,28,34,45,46,48,55
26/04/2024,9,10,13,29,39,56
26/04/2023,14,24,38,39,49,55
26/04/2017,7,8,21,24,29,42
26/04/2015,3,25,36,50,53,55
26/03/2025,7,10,15,34,37,41
26/03/2023,1,3,14,17,19,21
26/03/2017,1,6,11,15,33,49
26/03/2014,5,18,20,26,27,43
26/02/2025,13,19,37,42,51,55
26/02/2023,7,26,33,42,50,55
26/02/2020,20,23,25,50,52,55
26/02/2017,2,10,17,22,23,29
26/02/2014,11,34,43,52,54,55
26/02/2012,5,14,20,30,31,36
26/01/2025,10,23,30,31,41,45
26/01/2024,10,28,36,43,49,53
26/01/2022,3,6,19,25,41,52
26/01/2020,15,18,21,24,32,54
26/01/2014,11,15,20,24,47,48
26/01/2011,10,12,22,25,44,53
25/12/2024,18,22,23,34,39,51
25/12/2022,11,16,19,22,25,47
25/12/2019,13,16,22,32,48,50
25/12/2016,26,29,30,35,52,54
25/12/2013,2,7,31,40,53,56
25/12/2011,19,33,35,41,45,56
25/11/2022,3,20,22,26,45,50
25/11/2020,15,19,20,29,32,41
25/11/2018,12,20,29,38,39,47
25/11/2015,11,15,26,32,35,47
25/11/2012,16,22,24,31,46,53
25/10/2024,9,12,31,49,53,54
25/10/2023,15,22,24,34,35,38
25/10/2020,1,15,33,34,46,47
25/10/2017,1,7,11,17,41,45
25/10/2015,14,15,21,28,35,39
25/09/2024,15,27,33,38,52,55
25/09/2022,1,30,32,33,34,48
25/09/2019,14,17,27,39,49,54
25/09/2016,4,39,44,49,51,56
25/09/2013,8,13,21,32,35,50
25/09/2011,9,11,38,43,45,54
25/08/2024,4,16,39,42,44,47
25/08/2023,1,6,28,36,39,49
25/08/2021,2,4,7,24,40,50
25/08/2019,1,5,28,32,43,52
25/08/2013,16,24,25,39,48,52
25/08/2010,6,8,12,20,23,37
25/07/2025,1,10,20,41,42,48
25/07/2021,19,21,33,42,50,55
25/07/2018,8,20,22,25,35,36
25/07/2012,15,23,25,28,37,45
25/06/2025,17,24,26,31,39,51
25/06/2023,4,11,24,31,43,49
25/06/2017,14,24,30,41,51,56
25/06/2014,6,17,32,49,54,55
25/05/2025,10,23,29,38,41,50
25/05/2022,27,31,34,43,50,54
25/05/2016,7,9,23,40,49,52
25/05/2014,4,25,51,53,54,55
25/05/2011,6,9,16,33,45,48
25/04/2025,14,27,33,39,50,56
25/04/2021,6,13,43,45,49,50
25/04/2018,4,16,28,33,34,45
25/04/2012,6,15,22,28,36,45
25/03/2022,2,8,11,16,27,48
25/03/2020,4,8,10,30,55,56
25/03/2018,8,13,20,27,48,49
25/03/2015,13,16,24,41,44,54
25/03/2012,8,24,26,28,51,56
25/02/2026,06,17,20,27,34,47
25/02/2024,2,4,6,29,53,56
25/02/2022,21,23,45,51,53,56
25/02/2018,11,13,28,32,41,51
25/02/2015,5,30,33,45,47,48
25/01/2026,12,18,20,26,34,38
25/01/2023,2,9,20,29,48,50
25/01/2017,5,10,29,35,38,46
25/01/2015,3,19,29,31,34,37
25/01/2012,20,34,45,48,54,55
24/12/2025,3,5,14,34,48,54
24/12/2023,2,14,20,47,49,55
24/12/2021,3,7,36,48,54,55
24/12/2017,20,30,38,39,43,53
24/12/2014,1,29,32,33,42,44
24/11/2024,1,6,10,20,29,48
24/11/2023,4,5,24,37,43,53
24/11/2021,19,34,38,44,47,49
24/11/2019,7,9,22,27,44,51
24/11/2013,10,13,18,26,28,37
24/11/2010,13,22,29,34,39,49
24/10/2025,3,28,34,36,41,47
24/10/2021,1,6,26,35,42,56
24/10/2018,3,5,10,14,35,54
24/10/2012,4,11,32,38,47,55
24/10/2010,10,19,26,38,45,49
24/09/2025,4,12,13,27,34,39
24/09/2023,5,30,42,48,49,52
24/09/2017,9,13,20,49,52,53
24/09/2014,1,6,15,21,25,38
24/08/2025,3,34,35,37,39,40
24/08/2022,7,9,11,12,38,40
24/08/2016,1,11,18,42,51,55
24/08/2014,6,13,14,29,36,54
24/08/2011,10,17,25,29,51,56
24/07/2024,12,15,16,31,35,48
24/07/2022,5,7,10,36,48,52
24/07/2019,14,15,34,36,41,44
24/07/2016,8,33,40,43,44,53
24/07/2013,7,19,25,38,40,47
24/07/2011,1,3,11,14,39,41
24/06/2022,2,3,25,42,50,55
24/06/2018,1,6,7,17,18,38
24/06/2015,25,32,35,39,41,53
24/06/2012,2,3,12,18,27,50
24/05/2024,4,7,10,21,33,36
24/05/2023,10,11,20,26,41,44
24/05/2017,2,21,25,32,48,52
24/05/2015,1,3,8,28,29,45
24/04/2024,3,7,15,21,22,56
24/04/2022,18,22,39,40,44,46
24/04/2019,8,26,30,40,45,47
24/04/2016,1,10,14,16,34,48
24/04/2013,10,11,18,26,31,45
24/04/2011,7,10,26,36,48,54
24/03/2024,3,33,37,43,45,49
24/03/2023,19,29,40,42,49,55
24/03/2021,2,18,30,31,45,47
24/03/2019,10,14,40,46,53,55
24/03/2013,17,18,24,32,38,42
24/02/2023,1,8,23,29,30,44
24/02/2021,18,20,26,32,42,55
24/02/2019,1,13,16,20,28,50
24/02/2016,6,21,22,34,41,52
24/02/2013,2,27,37,41,48,54
24/01/2025,1,2,15,37,43,49
24/01/2024,21,23,26,33,38,51
24/01/2021,10,14,23,29,48,49
24/01/2018,4,5,10,23,29,35
24/01/2016,16,18,24,25,30,49
23/12/2022,6,11,16,25,27,45
23/12/2020,10,15,31,33,42,46
23/12/2018,5,23,24,39,42,53
23/12/2015,2,7,30,40,43,53
23/12/2012,3,22,32,37,50,56
23/11/2025,2,3,22,25,32,34
23/11/2022,3,11,29,33,44,45
23/11/2016,2,13,44,51,53,55
23/11/2014,2,22,26,32,49,51
23/11/2011,20,24,29,47,50,56
23/10/2024,2,12,42,46,49,53
23/10/2022,10,19,22,28,48,56
23/10/2019,5,14,24,50,51,53
23/10/2016,4,12,18,25,41,48
23/10/2013,11,15,19,27,36,38
23/10/2011,7,11,14,50,52,54
23/09/2022,1,8,11,25,40,56
23/09/2020,3,30,32,42,45,55
23/09/2018,12,22,48,52,53,55
23/09/2015,1,16,18,50,54,56
23/09/2012,7,15,18,45,48,55
23/08/2024,8,14,28,47,48,56
23/08/2023,4,5,24,28,38,50
23/08/2020,16,20,23,31,41,42
23/08/2017,1,2,5,14,15,24
23/08/2015,3,15,33,35,36,46
23/07/2025,2,33,43,47,51,53
23/07/2023,6,17,19,30,38,40
23/07/2017,18,32,36,42,47,48
23/07/2014,1,22,24,25,26,29
23/06/2024,18,25,28,49,53,55
23/06/2023,5,10,15,21,29,49
23/06/2021,3,10,15,20,47,53
23/06/2019,7,8,11,13,24,37
23/06/2013,2,3,25,28,32,42
23/05/2025,3,6,11,36,42,46
23/05/2021,1,4,34,36,51,54
23/05/2018,3,8,34,42,49,54
23/05/2012,27,33,41,47,51,54
23/04/2025,3,9,14,30,32,43
23/04/2023,2,14,23,36,37,43
23/04/2017,2,3,4,7,40,56
23/04/2014,3,6,8,10,34,53
23/03/2022,1,2,17,33,52,56
23/03/2016,8,12,25,30,34,42
23/03/2014,7,24,32,34,35,51
23/03/2011,5,8,14,20,27,46
23/02/2025,2,15,31,37,41,52
23/02/2024,2,7,22,27,53,54
23/02/2022,2,8,11,35,52,54
23/02/2020,2,8,24,29,31,48
23/02/2014,11,29,32,43,51,52
23/02/2011,2,15,21,24,27,53
23/01/2026,9,13,18,21,34,37
23/01/2022,11,19,20,22,32,56
23/01/2019,4,13,24,26,36,50
23/01/2013,2,8,13,49,50,54
23/01/2011,10,19,22,28,30,33
22/12/2024,1,24,40,50,51,56
22/12/2023,14,18,33,34,47,56
22/12/2021,10,17,21,31,33,55
22/12/2019,4,12,22,38,39,51
22/12/2013,24,25,30,35,55,56
22/12/2010,19,21,40,44,50,52
22/11/2024,5,14,15,23,25,40
22/11/2023,24,31,41,43,52,53
22/11/2020,2,12,22,25,30,46
22/11/2017,37,40,42,44,48,50
22/11/2015,8,19,31,38,46,48
22/10/2025,2,6,10,34,35,44
22/10/2023,30,31,36,46,47,51
22/10/2017,7,12,17,20,21,22
22/10/2014,1,16,27,30,37,44
22/09/2024,13,22,24,38,53,55
22/09/2023,18,20,28,41,51,54
22/09/2021,2,12,26,41,42,45
22/09/2019,6,8,20,26,29,51
22/09/2013,3,7,12,26,32,46
22/09/2010,13,26,28,37,42,53
22/08/2025,1,21,38,47,50,52
22/08/2021,3,4,14,19,45,56
22/08/2018,8,9,20,44,46,53
22/08/2012,8,18,41,42,44,52
22/07/2022,1,11,32,33,48,50
22/07/2018,9,17,25,29,30,56
22/07/2015,4,6,22,33,39,55
22/07/2012,5,13,14,28,41,52
22/06/2025,21,22,36,39,54,55
22/06/2022,12,21,30,35,44,48
22/06/2016,10,12,14,17,47,52
22/06/2014,2,4,7,16,52,54
22/06/2011,20,23,32,38,43,44
22/05/2024,6,21,23,42,43,52
22/05/2022,6,7,24,43,44,46
22/05/2019,5,7,41,49,51,55
22/05/2016,5,12,38,40,47,56
22/05/2013,12,28,31,33,52,53
22/05/2011,14,30,34,36,55,56
22/04/2022,1,18,19,27,44,46
22/04/2018,24,30,33,42,44,47
22/04/2015,2,3,8,20,51,55
22/04/2012,15,19,36,42,44,50
22/03/2024,18,20,45,47,54,55
22/03/2023,15,23,26,32,45,46
22/03/2020,3,28,34,44,45,52
22/03/2017,3,5,14,16,30,53
22/03/2015,7,12,14,18,34,41
22/02/2026,4,5,9,10,17,34
22/02/2023,3,6,33,42,45,52
22/02/2017,19,20,33,40,49,50
22/02/2015,14,29,31,45,51,55
22/02/2012,9,11,17,25,45,53
22/01/2025,12,15,19,23,44,55
22/01/2023,3,11,38,44,45,53
22/01/2020,5,10,13,15,23,54
22/01/2017,7,19,21,28,35,46
22/01/2014,16,29,38,40,48,49
22/01/2012,8,24,26,31,33,52
21/12/2025,13,17,23,24,30,34
21/12/2022,3,8,34,40,48,52
21/12/2016,2,4,7,26,38,47
21/12/2014,4,7,35,42,48,49
21/12/2011,13,23,26,29,35,36
21/11/2025,2,5,14,34,38,51
21/11/2021,23,25,27,30,35,50
21/11/2018,1,2,6,25,39,44
21/11/2012,3,8,9,15,26,55
21/11/2010,3,4,24,35,44,54
21/10/2022,7,10,34,37,50,52
21/10/2020,13,27,32,43,53,54
21/10/2018,16,17,19,24,47,56
21/10/2015,2,13,19,27,28,46
21/10/2012,7,9,34,36,38,40
21/09/2025,8,29,34,38,40,46
21/09/2022,4,14,19,20,31,42
21/09/2016,16,25,32,40,43,54
21/09/2014,4,6,10,38,52,53
21/09/2011,4,15,25,32,53,54
21/08/2024,11,21,26,31,34,53
21/08/2022,9,26,29,31,34,45
21/08/2019,16,39,41,47,52,53
21/08/2016,19,22,25,31,43,44
21/08/2013,16,24,42,53,54,56
21/08/2011,3,10,16,33,44,48
21/07/2024,3,6,16,26,45,48
21/07/2023,8,17,18,30,36,45
21/07/2021,18,20,23,26,34,38
21/07/2019,3,10,19,29,41,44
21/07/2013,19,34,40,46,48,52
21/06/2024,7,13,23,25,34,44
21/06/2023,15,26,31,39,45,51
21/06/2017,17,18,27,32,52,53
21/06/2015,1,2,18,21,26,46
21/05/2023,1,15,21,22,25,31
21/05/2017,19,29,34,36,41,51
21/05/2014,2,29,30,34,48,54
21/04/2024,11,16,23,40,44,54
21/04/2023,2,7,24,36,38,43
21/04/2021,35,40,43,44,46,47
21/04/2019,4,8,9,22,35,52
21/04/2013,5,14,40,44,50,54
21/03/2021,17,20,32,35,39,54
21/03/2018,18,20,25,32,43,55
21/03/2012,1,9,20,31,43,56
21/02/2025,10,13,27,28,45,54
21/02/2024,3,5,7,18,20,53
21/02/2021,1,10,28,51,54,56
21/02/2018,16,19,23,40,43,55
21/02/2016,7,8,13,41,52,53
21/01/2026,4,22,26,30,34,35
21/01/2024,3,15,29,39,50,55
21/01/2022,1,4,7,21,23,29
21/01/2018,16,33,35,42,50,53
21/01/2015,7,8,15,36,46,54
20/12/2024,1,12,15,27,33,39
20/12/2023,4,14,19,27,33,35
20/12/2020,3,5,8,28,52,56
20/12/2017,3,19,20,43,46,49
20/12/2015,6,23,31,38,45,51
20/11/2024,12,23,31,46,49,54
20/11/2022,9,19,33,38,40,50
20/11/2019,13,15,21,37,46,52
20/11/2016,14,16,17,21,30,44
20/11/2013,5,7,20,40,42,48
20/11/2011,6,11,29,39,43,47
20/10/2024,4,20,29,43,45,48
20/10/2023,3,16,22,26,29,30
20/10/2021,21,24,31,33,39,41
20/10/2019,5,9,13,15,38,40
20/10/2013,12,15,27,44,46,48
20/10/2010,3,14,16,19,51,53
20/09/2024,7,13,16,20,21,28
20/09/2023,12,14,17,24,36,54
20/09/2020,16,21,27,29,49,50
20/09/2017,10,27,31,37,41,48
20/09/2015,20,29,32,36,46,47
20/08/2025,7,10,23,28,37,52
20/08/2023,17,29,30,34,42,52
20/08/2017,2,19,29,42,50,53
20/08/2014,13,21,35,36,37,53
20/07/2025,13,25,26,32,50,55
20/07/2022,13,15,30,36,42,47
20/07/2016,25,39,44,46,50,55
20/07/2014,8,23,28,41,49,53
20/07/2011,3,24,37,45,52,54
20/06/2025,24,29,30,31,47,53
20/06/2021,9,20,22,31,41,55
20/06/2018,6,9,19,21,37,44
20/06/2012,16,27,34,42,47,49
20/05/2025,10,21,35,45,48,53
20/05/2022,27,31,33,39,49,54
20/05/2018,8,22,23,28,38,45
20/05/2015,1,2,14,22,31,45
20/05/2012,4,7,19,24,31,32
20/04/2025,1,2,20,40,46,48
20/04/2022,8,14,28,30,35,44
20/04/2016,9,16,25,38,46,56
20/04/2014,21,37,38,40,41,56
20/04/2011,21,28,31,35,36,41
20/03/2024,3,12,24,50,52,54
20/03/2022,8,16,42,43,46,48
20/03/2019,18,23,32,33,39,40
20/03/2016,1,10,13,28,29,40
20/03/2013,27,30,39,42,44,52
20/03/2011,5,13,24,28,36,38
20/02/2026,6,9,18,22,25,34
20/02/2022,26,37,42,44,54,55
20/02/2019,7,8,21,29,40,51
20/02/2013,3,4,17,39,48,53
20/02/2011,18,21,24,28,37,39
20/01/2023,1,12,16,20,49,54
20/01/2021,10,12,21,31,34,43
20/01/2019,3,33,37,41,50,51
20/01/2016,13,20,23,38,44,51
20/01/2013,2,21,37,41,54,56
19/12/2025,9,11,22,28,33,34
19/12/2021,17,33,40,42,46,52
19/12/2018,2,22,30,34,40,55
19/12/2012,12,19,33,44,45,54
19/12/2010,2,4,24,25,43,50
19/11/2025,2,3,10,18,28,34
19/11/2023,24,28,31,42,45,49
19/11/2017,4,8,31,41,47,50
19/11/2014,3,7,18,29,54,56
19/10/2025,3,14,22,34,37,41
19/10/2022,26,31,36,38,39,40
19/10/2016,15,16,20,26,28,39
19/10/2014,6,17,27,38,46,52
19/10/2011,3,8,11,23,46,56
19/09/2025,3,4,13,22,34,35
19/09/2021,4,15,22,24,32,48
19/09/2018,16,21,34,43,50,52
19/09/2012,7,27,34,42,46,55
19/09/2010,11,14,24,26,28,36
19/08/2022,10,13,18,22,35,55
19/08/2020,18,25,27,31,49,52
19/08/2018,5,8,33,39,49,55
19/08/2015,5,6,14,27,36,55
19/08/2012,28,32,33,37,50,53
19/07/2024,7,10,18,23,43,46
19/07/2023,23,34,38,43,45,53
19/07/2017,7,14,16,34,38,53
19/07/2015,3,9,16,20,40,55
19/06/2024,6,9,17,21,34,47
19/06/2022,4,22,37,45,48,52
19/06/2019,4,11,17,41,46,53
19/06/2016,2,18,42,45,48,54
19/06/2013,2,5,24,27,35,44
19/06/2011,1,11,12,19,20,27
19/05/2024,2,4,20,22,43,47
19/05/2023,4,24,40,46,50,51
19/05/2021,17,20,40,42,43,55
19/05/2019,5,8,12,21,27,47
19/05/2013,4,8,15,19,27,43
19/04/2024,15,20,38,39,46,52
19/04/2023,2,3,10,15,41,46
19/04/2017,6,14,21,24,38,41
19/04/2015,5,14,18,33,38,54
19/03/2025,11,15,22,23,28,46
19/03/2023,5,6,11,24,40,43
19/03/2017,24,26,28,31,52,56
19/03/2014,17,24,27,29,32,51
19/02/2025,12,19,21,32,38,53
19/02/2023,11,14,15,27,33,49
19/02/2020,2,9,22,36,43,46
19/02/2017,9,16,19,37,46,49
19/02/2014,6,12,41,46,52,56
19/02/2012,9,24,27,32,36,52
19/01/2025,15,19,22,28,29,31
19/01/2024,15,22,23,37,43,56
19/01/2022,6,12,15,32,46,55
19/01/2020,11,12,43,47,48,49
19/01/2014,3,5,19,28,33,56
19/01/2011,6,9,14,22,35,38
18/12/2024,5,19,21,26,50,52
18/12/2022,3,16,20,24,49,51
18/12/2019,5,11,20,28,44,56
18/12/2016,16,23,35,37,53,55
18/12/2013,7,19,29,34,41,47
18/12/2011,1,2,12,30,42,53
18/11/2022,5,16,18,22,31,32
18/11/2020,7,25,48,51,54,56
18/11/2018,8,24,25,49,51,52
18/11/2015,11,14,16,46,50,51
18/11/2012,1,6,7,17,25,52
18/10/2024,10,17,32,35,46,53
18/10/2023,19,22,23,40,44,53
18/10/2020,5,14,25,30,40,49
18/10/2017,3,6,12,41,46,47
18/10/2015,17,18,33,41,44,54
18/09/2024,9,12,16,20,24,48
18/09/2022,1,28,30,35,38,56
18/09/2019,20,35,40,41,43,45
18/09/2016,6,26,30,40,47,49
18/09/2013,8,33,42,43,44,56
18/09/2011,27,31,39,41,49,55
18/08/2024,1,8,10,13,40,54
18/08/2023,4,7,8,37,42,50
18/08/2021,4,14,18,32,50,55
18/08/2019,8,15,19,27,34,37
18/08/2013,12,25,26,36,44,50
18/07/2025,11,20,28,43,49,51
18/07/2021,19,27,34,36,43,46
18/07/2018,6,22,24,33,46,56
18/07/2012,3,7,9,27,45,55
18/06/2025,9,15,31,40,45,50
18/06/2023,2,4,22,27,35,42
18/06/2017,1,3,5,14,22,31
18/06/2014,12,13,31,35,37,49
18/05/2025,2,14,40,45,49,53
18/05/2022,3,5,17,44,45,55
18/05/2016,2,10,13,22,35,44
18/05/2014,8,19,28,33,38,45
18/05/2011,2,3,7,22,38,50
18/04/2025,9,20,23,25,53,54
18/04/2021,14,15,19,40,43,56
18/04/2018,12,30,36,40,45,48
18/04/2012,2,11,23,27,51,53
18/03/2022,9,33,37,38,48,56
18/03/2020,2,7,11,14,38,39
18/03/2018,7,8,20,24,32,41
18/03/2015,5,26,39,46,52,53
18/03/2012,1,16,20,31,41,43
18/02/2026,1,10,12,34,48,49
18/02/2024,5,11,28,31,32,56
18/02/2022,3,6,7,20,46,56
18/02/2018,17,26,30,32,48,49
18/02/2015,1,6,9,22,29,50
18/01/2026,23,32,34,35,40,48
18/01/2023,18,19,32,33,37,49
18/01/2017,1,32,33,37,42,45
18/01/2015,1,2,9,12,37,47
18/01/2012,8,21,28,49,51,55
17/12/2025,2,31,34,34,45,46
17/12/2023,7,11,17,29,33,36
17/12/2021,9,12,25,28,35,53
17/12/2017,8,11,30,32,42,52
17/12/2014,7,9,12,42,44,51
17/11/2024,17,20,21,46,51,52
17/11/2023,12,21,25,31,36,51
17/11/2021,1,2,6,14,25,52
17/11/2019,5,10,14,38,39,40
17/11/2013,7,22,38,42,44,54
17/11/2010,5,27,31,32,42,53
17/10/2025,8,22,34,38,43,50
17/10/2021,4,11,34,37,39,56
17/10/2018,3,6,8,12,47,56
17/10/2012,5,11,23,37,39,54
17/10/2010,18,21,24,27,47,49
17/09/2025,15,22,28,39,51,53
17/09/2023,3,9,15,33,39,41
17/09/2017,19,22,26,30,42,49
17/09/2014,8,13,18,21,30,38
17/08/2025,4,22,33,39,40,54
17/08/2022,2,3,29,34,54,56
17/08/2016,2,14,18,21,46,49
17/08/2014,10,11,17,29,42,46
17/08/2011,9,16,39,41,44,45
17/07/2024,5,11,36,38,41,42
17/07/2022,2,16,21,29,36,45
17/07/2019,9,16,20,30,39,40
17/07/2016,23,26,38,47,50,55
17/07/2013,27,28,33,37,44,47
17/07/2011,10,13,37,44,46,53
17/06/2022,21,36,42,45,49,56
17/06/2018,1,8,13,35,36,51
17/06/2015,6,12,35,43,50,55
17/06/2012,5,11,12,20,42,47
17/05/2024,20,27,34,41,42,45
17/05/2023,7,11,15,27,31,41
17/05/2017,10,12,21,48,51,56
17/05/2015,1,8,15,39,42,50
17/04/2024,9,24,29,40,42,51
17/04/2022,28,29,32,37,38,46
17/04/2019,6,8,23,28,38,44
17/04/2016,16,20,24,26,40,44
17/04/2013,16,23,31,33,36,49
17/04/2011,1,5,18,34,36,51
17/03/2024,31,32,36,40,44,50
17/03/2023,5,9,14,24,31,43
17/03/2021,2,10,13,14,51,55
17/03/2019,12,17,19,26,39,49
17/03/2013,11,15,23,24,35,40
17/02/2023,14,32,37,39,50,51
17/02/2021,2,19,38,40,44,54
17/02/2019,5,30,32,34,36,43
17/02/2016,4,7,32,35,49,56
17/02/2013,1,17,46,48,50,52
17/01/2025,1,12,13,19,22,37
17/01/2024,4,11,25,42,43,49
17/01/2021,4,22,29,41,48,51
17/01/2018,6,24,31,34,40,48
17/01/2016,6,11,12,19,32,38
16/12/2022,9,16,17,33,46,49
16/12/2020,2,10,16,23,27,30
16/12/2018,11,13,19,25,28,49
16/12/2015,5,14,21,31,41,48
16/12/2012,8,14,25,35,43,44
16/11/2025,5,7,11,34,35,45
16/11/2022,8,12,34,37,45,54
16/11/2016,17,20,21,30,43,46
16/11/2014,5,14,19,23,37,54
16/11/2011,1,15,20,39,42,49
16/10/2024,14,26,27,30,31,37
16/10/2022,5,15,16,41,44,45
16/10/2019,4,25,26,33,41,52
16/10/2016,6,23,28,32,52,53
16/10/2013,23,25,32,43,49,55
16/10/2011,1,2,22,24,28,29
16/09/2022,16,24,37,38,40,47
16/09/2020,4,16,17,18,36,53
16/09/2018,9,14,38,40,51,55
16/09/2015,7,8,13,28,37,38
16/09/2012,18,20,26,27,29,49
16/08/2024,9,17,31,41,49,51
16/08/2023,12,14,26,27,33,55
16/08/2020,11,19,20,27,44,47
16/08/2017,7,10,17,18,32,48
16/08/2015,9,10,24,35,38,47
16/07/2025,14,26,35,46,50,54
16/07/2023,34,35,37,44,45,52
16/07/2017,3,4,23,30,38,55
16/07/2014,7,14,19,31,35,50
16/06/2024,9,18,21,36,44,46
16/06/2023,1,5,8,19,28,32
16/06/2021,4,12,15,29,30,42
16/06/2019,15,22,25,33,34,43
16/06/2013,16,22,27,33,47,55
16/05/2025,18,33,36,40,48,52
16/05/2021,15,32,36,50,51,55
16/05/2018,10,32,45,46,53,56
16/05/2012,1,5,23,43,54,55
16/04/2025,4,18,25,40,41,44
16/04/2023,10,16,25,27,39,40
16/04/2017,4,5,7,15,21,55
16/04/2014,9,14,22,39,42,52
16/03/2025,7,10,12,18,36,53
16/03/2022,10,21,22,38,41,55
16/03/2016,16,21,25,27,47,54
16/03/2014,10,13,16,23,39,42
16/03/2011,11,19,28,31,43,45
16/02/2025,2,16,26,42,53,55
16/02/2024,10,17,24,37,44,51
16/02/2022,4,21,32,40,53,54
16/02/2020,10,23,24,38,53,54
16/02/2014,6,8,9,13,29,48
16/02/2011,5,12,14,15,46,50
16/01/2026,31,34,37,42,45,54
16/01/2022,2,11,21,22,30,35
16/01/2019,4,19,30,32,36,48
16/01/2013,1,5,12,13,30,45
16/01/2011,1,9,43,52,54,55
15/12/2024,9,19,25,43,47,54
15/12/2023,2,36,43,46,50,51
15/12/2021,6,11,31,40,44,47
15/12/2019,2,3,22,47,49,50
15/12/2013,2,18,25,41,42,51
15/12/2010,6,10,16,28,33,48
15/11/2024,14,20,26,27,30,55
15/11/2023,13,14,17,18,27,44
15/11/2020,6,12,44,47,48,56
15/11/2017,7,10,20,38,48,50
15/11/2015,4,8,13,15,19,24
15/10/2025,9,10,24,34,42,44
15/10/2023,18,19,23,33,43,50
15/10/2017,2,28,30,39,43,54
15/10/2014,4,10,11,48,49,51
15/09/2024,15,23,29,39,51,54
15/09/2023,6,10,30,38,47,49
15/09/2021,19,20,22,29,51,52
15/09/2019,5,10,20,25,31,44
15/09/2013,11,15,24,36,41,53
15/09/2010,3,8,25,26,30,33
15/08/2025,8,14,16,26,34,35
15/08/2021,1,3,23,24,42,46
15/08/2018,7,13,40,42,44,51
15/08/2012,1,4,11,22,44,52
15/07/2022,17,19,33,41,52,54
15/07/2018,7,8,12,16,32,35
15/07/2015,14,20,44,48,49,51
15/07/2012,10,25,29,31,49,55
15/06/2025,1,17,18,33,46,49
15/06/2022,7,16,30,34,43,51
15/06/2016,1,10,12,19,31,56
15/06/2014,20,24,28,30,54,55
15/06/2011,7,12,24,36,46,54
15/05/2024,18,23,26,42,45,50
15/05/2022,12,21,24,26,45,48
15/05/2019,1,8,26,32,42,44
15/05/2016,13,14,27,30,41,44
15/05/2013,16,27,35,42,51,54
15/05/2011,2,15,30,33,42,53
15/04/2022,13,15,27,34,42,44
15/04/2018,9,18,22,24,50,55
15/04/2015,12,19,28,34,42,53
15/04/2012,1,4,15,17,32,42
15/03/2024,6,10,15,24,28,46
15/03/2023,3,19,32,50,52,54
15/03/2020,2,10,19,31,35,47
15/03/2017,3,14,19,20,31,34
15/03/2015,10,11,12,39,48,51
15/02/2026,4,34,36,38,42,44
15/02/2023,5,7,9,40,42,45
15/02/2017,7,9,10,23,32,54
15/02/2015,4,5,7,26,32,53
15/02/2012,5,18,24,35,43,56
15/01/2025,2,17,24,27,28,54
15/01/2023,15,37,42,43,49,51
15/01/2020,1,5,12,21,35,44
15/01/2017,2,3,32,52,53,54
15/01/2014,12,19,22,30,39,56
15/01/2012,1,5,11,19,25,49
14/12/2025,16,34,39,47,48,51
14/12/2022,1,9,12,24,26,28
14/12/2016,3,20,29,40,49,50
14/12/2014,10,28,34,35,39,55
14/12/2011,2,7,14,22,37,43
14/11/2025,3,6,13,34,37,50
14/11/2021,8,11,39,43,44,47
14/11/2018,2,9,11,32,35,46
14/11/2012,5,9,16,19,24,30
14/11/2010,3,17,28,42,51,53
14/10/2022,4,30,39,41,43,49
14/10/2020,3,5,8,10,27,42
14/10/2018,11,32,33,38,41,50
14/10/2015,3,18,29,32,34,38
14/10/2012,5,7,9,23,25,29
14/09/2025,4,13,21,23,27,31
14/09/2022,10,15,27,32,50,54
14/09/2016,4,9,15,22,33,35
14/09/2014,4,24,38,40,53,56
14/09/2011,3,22,26,31,47,56
14/08/2024,4,12,14,38,43,51
14/08/2022,1,2,17,20,25,37
14/08/2019,4,12,20,28,44,46
14/08/2016,6,9,19,20,32,49
14/08/2013,11,21,24,40,53,56
14/08/2011,3,27,33,39,43,51
14/07/2024,9,14,25,39,42,55
14/07/2023,9,11,35,40,43,55
14/07/2021,11,12,27,39,48,55
14/07/2019,2,20,34,42,45,50
14/07/2013,30,31,41,43,46,49
14/06/2024,8,14,26,27,29,54
14/06/2023,14,24,31,35,42,48
14/06/2017,8,9,13,34,36,39
14/06/2015,3,8,26,31,40,49
14/05/2025,21,27,29,30,45,48
14/05/2023,3,16,18,19,20,49
14/05/2017,10,20,30,35,39,49
14/05/2014,4,7,19,20,34,38
14/04/2024,11,13,17,20,43,51
14/04/2023,12,13,21,23,29,32
14/04/2021,5,11,14,15,41,48
14/04/2019,12,21,30,31,45,49
14/04/2013,8,11,17,23,29,40
14/03/2025,7,16,22,27,30,47
14/03/2021,6,7,28,43,44,52
14/03/2018,25,30,34,42,49,56
14/03/2012,4,8,28,46,53,56
14/02/2025,10,12,13,14,36,48
14/02/2024,13,14,21,26,37,54
14/02/2021,4,7,12,25,26,35
14/02/2018,12,25,30,37,43,53
14/02/2016,1,16,22,41,42,49
14/01/2026,7,10,15,20,34,40
14/01/2024,2,7,11,22,42,49
14/01/2022,1,3,24,29,34,50
14/01/2018,9,14,15,51,53,54
14/01/2015,10,12,19,21,32,43
13/12/2024,1,27,47,48,53,56
13/12/2023,15,18,31,40,41,54
13/12/2020,12,14,24,32,53,54
13/12/2017,21,23,29,31,32,47
13/12/2015,14,15,29,35,42,56
13/11/2024,4,17,20,46,49,56
13/11/2022,4,11,12,23,48,52
13/11/2019,16,17,35,42,44,48
13/11/2016,25,39,41,43,48,55
13/11/2013,3,7,19,21,25,47
13/11/2011,5,22,28,30,49,54
13/10/2024,15,16,42,46,47,54
13/10/2023,1,2,9,27,47,53
13/10/2021,5,23,37,45,49,53
13/10/2019,7,20,26,41,53,55
13/10/2013,14,21,26,30,35,39
13/10/2010,12,13,30,31,47,52
13/09/2024,13,32,40,45,46,54
13/09/2023,15,16,27,31,49,54
13/09/2020,2,9,20,31,40,54
13/09/2017,9,12,20,46,50,55
13/09/2015,18,22,28,37,45,56
13/08/2025,9,15,19,21,25,33
13/08/2023,9,20,29,43,46,49
13/08/2017,16,24,25,28,37,44
13/08/2014,3,6,9,18,19,52
13/07/2025,7,21,35,52,53,56
13/07/2022,2,14,18,34,37,40
13/07/2016,3,6,23,24,39,45
13/07/2014,2,4,6,15,35,37
13/07/2011,1,6,12,24,28,33
13/06/2025,20,22,24,33,48,50
13/06/2021,14,15,32,45,47,56
13/06/2018,2,3,5,6,12,38
13/06/2012,8,9,16,39,41,42
13/05/2022,6,8,10,14,30,32
13/05/2018,17,18,33,36,50,54
13/05/2015,14,30,33,41,44,49
13/05/2012,7,10,31,38,40,45
13/04/2025,1,10,16,21,29,50
13/04/2022,20,21,40,48,53,54
13/04/2016,10,18,27,36,42,49
13/04/2014,4,8,21,31,37,41
13/04/2011,3,4,11,15,52,53
13/03/2024,2,5,13,19,25,32
13/03/2022,8,25,37,38,39,43
13/03/2019,7,25,26,39,40,46
13/03/2016,4,5,20,24,32,42
13/03/2013,10,17,33,35,36,38
13/03/2011,6,7,31,42,50,52
13/02/2026,6,9,14,20,28,34
13/02/2022,2,14,17,29,47,50
13/02/2019,4,11,20,36,46,54
13/02/2013,6,20,22,24,44,55
13/02/2011,19,21,27,30,51,53
13/01/2023,5,10,14,15,22,40
13/01/2021,8,22,29,34,42,50
13/01/2019,4,6,29,40,42,43
13/01/2016,5,31,35,43,46,55
13/01/2013,2,6,28,29,39,50
12/12/2025,7,13,19,23,34,35
12/12/2021,16,32,40,43,50,51
12/12/2018,12,18,35,39,44,47
12/12/2012,2,3,16,26,37,52
12/12/2010,18,28,35,36,48,53
12/11/2025,5,16,21,34,41,45
12/11/2023,30,32,35,41,49,53
12/11/2017,12,16,28,46,51,55
12/11/2014,4,6,19,26,29,36
12/10/2025,3,12,20,34,35,45
12/10/2022,3,23,44,46,50,54
12/10/2016,9,22,31,35,37,52
12/10/2014,1,7,31,36,47,54
12/10/2011,24,28,37,47,48,52
12/09/2025,8,16,21,28,36,38
12/09/2021,24,25,40,45,46,56
12/09/2018,16,33,40,52,53,54
12/09/2012,7,8,12,21,37,51
12/09/2010,1,6,21,40,46,54
12/08/2022,1,19,25,28,33,35
12/08/2020,3,19,32,36,44,47
12/08/2018,13,20,22,28,35,56
12/08/2015,2,31,37,40,47,48
12/08/2012,9,11,27,40,41,44
12/07/2024,8,10,13,14,15,43
12/07/2023,4,5,6,15,18,46
12/07/2017,1,9,25,33,42,43
12/07/2015,1,8,27,35,38,45
12/06/2024,14,23,24,31,36,49
12/06/2022,1,5,24,49,50,54
12/06/2019,9,18,20,22,34,41
12/06/2016,7,16,17,25,37,54
12/06/2013,3,28,32,34,50,54
12/06/2011,3,8,18,29,35,52
12/05/2024,2,5,16,20,21,47
12/05/2023,10,17,36,42,55,56
12/05/2021,15,27,28,32,44,51
12/05/2019,9,35,42,44,55,56
12/05/2013,1,6,7,9,20,30
12/04/2024,3,14,23,28,37,44
12/04/2023,3,6,17,18,39,54
12/04/2017,6,9,16,27,43,53
12/04/2015,7,9,15,23,42,44
12/03/2025,1,11,17,31,49,51
12/03/2023,4,19,21,23,32,55
12/03/2017,2,17,30,45,54,56
12/03/2014,9,27,31,33,42,45
12/02/2025,1,10,27,32,33,34
12/02/2023,10,14,39,41,44,49
12/02/2020,1,5,12,26,30,40
12/02/2017,12,13,14,17,24,53
12/02/2014,3,15,16,22,30,34
12/02/2012,8,9,27,39,47,52
12/01/2025,9,21,22,23,31,34
12/01/2024,8,17,32,52,53,56
12/01/2022,6,16,23,34,47,52
12/01/2020,16,31,33,36,49,52
12/01/2014,6,7,12,22,31,45
12/01/2011,4,7,25,42,49,56
11/12/2024,14,27,31,34,36,56
11/12/2022,10,15,21,25,26,28
11/12/2019,15,20,22,44,48,56
11/12/2016,24,26,30,48,53,56
11/12/2013,3,7,30,40,48,54
11/12/2011,3,9,10,11,29,30
11/11/2022,4,6,15,33,34,56
11/11/2020,1,8,15,40,52,54
11/11/2018,8,10,31,38,46,49
11/11/2015,5,28,29,30,40,52
11/11/2012,1,2,6,30,34,51
11/10/2024,6,13,22,33,49,56
11/10/2023,3,24,32,34,49,50
11/10/2020,9,20,25,40,48,52
11/10/2017,9,17,41,42,45,49
11/10/2015,8,15,23,38,45,56
11/09/2024,1,20,26,37,53,55
11/09/2022,2,9,11,22,31,32
11/09/2019,17,26,35,45,46,48
11/09/2016,16,23,33,35,46,55
11/09/2013,4,6,13,22,26,49
11/09/2011,1,12,19,30,42,53
11/08/2024,5,10,26,37,50,51
11/08/2023,20,28,33,51,52,53
11/08/2021,1,4,9,14,24,27
11/08/2019,10,25,26,28,31,45
11/08/2013,5,14,15,28,41,55
11/07/2025,8,20,27,30,31,49
11/07/2021,7,13,16,23,37,48
11/07/2018,3,7,13,14,43,44
11/07/2012,14,16,17,31,46,55
11/06/2025,7,27,42,44,55,56
11/06/2023,4,15,26,37,46,56
11/06/2017,10,35,41,46,53,56
11/06/2014,2,25,26,36,37,38
11/05/2025,4,29,35,41,52,55
11/05/2022,6,14,23,35,46,56
11/05/2016,6,7,28,29,36,48
11/05/2014,8,10,34,45,49,56
11/05/2011,13,17,41,50,53,55
11/04/2025,8,14,16,23,54,56
11/04/2021,10,15,18,25,44,54
11/04/2018,4,37,38,42,50,54
11/04/2012,5,19,22,28,47,52
11/03/2022,11,17,18,33,36,47
11/03/2020,7,8,12,14,18,41
11/03/2018,23,29,34,49,52,55
11/03/2015,6,12,25,46,47,49
11/03/2012,6,18,23,24,30,54
11/02/2026,4,36,38,42,44,48
11/02/2026,10,18,31,34,39,53
11/02/2024,10,19,23,43,45,55
11/02/2022,6,23,31,35,43,55
11/02/2018,3,7,25,28,42,44
11/02/2015,22,28,29,41,43,49
11/01/2026,14,15,16,18,34,36
11/01/2023,12,13,17,28,29,53
11/01/2017,12,22,25,28,40,53
11/01/2015,23,25,26,32,41,48
11/01/2012,9,11,13,20,22,32
10/12/2025,10,30,34,34,42,46
10/12/2023,4,14,31,36,47,49
10/12/2021,27,32,40,43,47,55
10/12/2017,9,18,24,29,30,52
10/12/2014,2,10,25,33,39,52
10/11/2024,16,20,27,30,44,56
10/11/2023,27,29,33,44,54,55
10/11/2021,2,3,11,26,37,38
10/11/2019,19,22,26,29,41,44
10/11/2013,1,8,26,33,54,55
10/11/2010,9,30,34,38,45,52
10/10/2025,3,8,20,29,35,51
10/10/2021,13,22,24,27,38,46
10/10/2018,17,21,25,27,32,55
10/10/2012,3,19,38,43,46,48
10/10/2010,5,10,22,25,39,45
10/09/2025,1,5,15,35,42,55
10/09/2023,2,3,39,41,43,44
10/09/2017,1,9,16,28,29,47
10/09/2014,15,30,37,40,51,56
10/08/2025,13,15,17,43,52,55
10/08/2022,1,21,25,37,39,53
10/08/2016,12,23,30,36,46,53
10/08/2014,3,6,7,11,18,36
10/08/2011,7,14,19,34,35,44
10/07/2024,2,30,35,44,53,54
10/07/2022,16,24,26,32,41,53
10/07/2019,7,12,27,31,38,40
10/07/2016,4,10,19,22,40,49
10/07/2013,3,4,11,19,45,55
10/07/2011,2,5,10,15,20,31
10/06/2022,17,20,26,28,54,55
10/06/2018,16,33,35,39,48,50
10/06/2015,9,10,14,15,26,52
10/06/2012,6,14,19,37,39,50
10/05/2024,26,28,29,40,44,49
10/05/2023,16,26,32,35,44,51
10/05/2017,17,21,26,40,43,52
10/05/2015,5,13,42,44,46,48
10/04/2024,1,11,14,35,41,52
10/04/2022,9,10,21,25,28,46
10/04/2019,19,28,34,36,41,42
10/04/2016,1,21,24,39,40,51
10/04/2013,6,28,33,37,49,54
10/04/2011,3,4,12,23,46,49
10/03/2024,11,26,31,34,45,51
10/03/2023,1,4,10,13,28,37
10/03/2021,20,22,25,50,52,55
10/03/2019,9,14,17,31,42,50
10/03/2013,4,14,28,30,32,36
10/02/2023,5,22,24,36,42,50
10/02/2021,6,14,16,24,27,45
10/02/2019,1,4,16,30,33,41
10/02/2016,24,25,26,38,47,56
10/02/2013,6,14,32,33,41,50
10/01/2025,24,34,37,39,45,54
10/01/2024,12,14,44,50,52,55
10/01/2021,14,24,28,38,44,48
10/01/2018,4,8,11,23,45,49
10/01/2016,20,26,28,39,49,51
09/12/2022,4,31,36,38,42,55
09/12/2020,1,5,8,15,25,28
09/12/2018,1,10,21,25,30,47
09/12/2015,15,16,20,36,43,54
09/12/2012,8,22,32,34,39,56
09/11/2025,6,11,17,20,28,34
09/11/2022,11,21,32,39,43,49
09/11/2016,6,21,25,32,40,42
09/11/2014,14,24,31,49,54,56
09/11/2011,5,10,20,47,51,56
09/10/2024,14,17,32,36,38,56
09/10/2022,24,30,33,38,39,46
09/10/2019,9,13,16,21,30,42
09/10/2016,22,25,33,42,54,56
09/10/2013,6,9,23,36,45,49
09/10/2011,22,35,39,40,49,52
09/09/2022,13,19,20,27,32,40
09/09/2020,3,6,10,26,40,51
09/09/2018,15,20,25,39,45,47
09/09/2015,14,18,26,29,47,48
09/09/2012,3,4,25,41,42,51
09/08/2024,4,17,24,26,27,51
09/08/2023,1,3,5,13,17,34
09/08/2020,2,3,23,44,50,51
09/08/2017,14,25,30,38,40,43
09/08/2015,4,8,11,39,43,53
09/07/2025,4,6,15,19,38,45
09/07/2023,9,25,31,36,42,51
09/07/2017,7,19,21,28,50,53
09/07/2014,3,6,38,49,53,54
09/06/2024,9,21,29,30,37,38
09/06/2023,8,9,24,29,44,54
09/06/2021,4,12,36,40,48,53
09/06/2019,1,11,22,26,52,53
09/06/2013,20,27,31,33,35,45
09/05/2025,8,12,16,46,47,52
09/05/2021,17,25,43,44,50,55
09/05/2018,26,27,34,47,48,52
09/05/2012,2,11,13,20,42,43
09/04/2025,1,10,27,32,33,34
09/04/2023,1,7,11,45,52,54
09/04/2017,4,13,17,23,39,45
09/04/2014,1,26,32,33,47,55
09/03/2025,8,20,28,33,43,47
09/03/2022,16,23,25,27,34,38
09/03/2016,17,19,38,43,51,55
09/03/2014,1,17,19,25,36,53
09/03/2011,2,20,21,33,39,47
09/02/2025,8,24,29,37,43,52
09/02/2024,15,17,19,22,53,56
09/02/2022,10,29,41,51,54,56
09/02/2020,1,5,13,30,53,56
09/02/2014,11,13,31,39,45,53
09/02/2011,4,21,36,39,42,56
09/01/2026,9,18,25,32,34,50
09/01/2022,3,10,15,16,38,40
09/01/2019,11,24,34,45,50,56
09/01/2013,5,15,24,28,32,51
09/01/2011,11,15,18,25,34,49
08/12/2024,2,28,35,46,50,53
08/12/2023,3,21,46,48,55,56
08/12/2021,3,14,27,29,30,51
08/12/2019,24,34,41,43,45,50
08/12/2013,28,31,40,49,53,54
08/12/2010,15,19,20,24,46,56
08/11/2024,3,11,33,42,43,52
08/11/2023,1,8,16,26,35,55
08/11/2020,1,16,19,23,24,33
08/11/2017,24,38,43,46,50,52
08/11/2015,3,8,9,27,37,44
08/10/2025,5,26,34,34,42,49
08/10/2023,6,13,18,27,43,47
08/10/2017,10,14,21,35,40,44
08/10/2014,4,7,10,12,31,35
08/09/2024,12,31,38,41,42,47
08/09/2023,7,28,33,35,40,46
08/09/2021,8,9,16,18,36,49
08/09/2019,2,8,11,17,43,52
08/09/2013,3,6,12,24,27,44
08/09/2010,3,12,25,30,34,51
08/08/2025,6,33,36,49,53,56
08/08/2021,6,16,18,19,26,52
08/08/2018,3,6,9,32,33,50
08/08/2012,9,14,15,18,35,38
08/07/2022,4,17,35,43,46,48
08/07/2018,23,25,32,47,50,52
08/07/2015,20,36,43,47,49,52
08/07/2012,10,16,19,20,40,52
08/06/2025,7,20,27,35,38,48
08/06/2022,2,14,20,21,28,47
08/06/2016,14,23,25,29,41,43
08/06/2014,13,14,22,24,45,51
08/06/2011,9,13,26,37,43,50
08/05/2024,15,18,37,40,47,52
08/05/2022,7,14,19,38,40,43
08/05/2019,5,15,31,40,51,52
08/05/2016,1,3,16,22,31,46
08/05/2013,17,23,30,35,48,53
08/05/2011,20,23,38,49,50,53
08/04/2022,4,11,14,22,29,47
08/04/2018,13,23,26,33,37,56
08/04/2015,35,41,43,48,49,52
08/04/2012,1,6,7,23,44,53
08/03/2024,17,31,36,43,44,54
08/03/2023,7,10,16,37,44,48
08/03/2020,10,21,30,41,51,56
08/03/2017,11,12,22,34,43,49
08/03/2015,10,26,28,34,46,55
08/02/2026,28,29,30,34,38,43
08/02/2023,7,9,23,32,54,55
08/02/2017,1,6,17,50,54,56
08/02/2015,13,15,17,28,35,43
08/02/2012,2,13,40,48,49,56
08/01/2025,1,20,29,33,40,43
08/01/2023,30,31,33,35,37,46
08/01/2020,7,10,13,26,46,53
08/01/2017,1,22,23,35,39,44
08/01/2014,11,14,21,27,47,54
08/01/2012,10,15,17,22,40,45
07/12/2025,1,13,22,28,31,34
07/12/2022,1,18,35,53,55,56
07/12/2016,1,4,18,36,37,55
07/12/2014,6,10,11,15,40,49
07/12/2011,4,24,32,45,50,56
07/11/2025,15,16,34,38,41,43
07/11/2021,1,23,24,37,38,41
07/11/2018,1,10,19,34,49,52
07/11/2012,10,27,47,51,52,53
07/11/2010,3,21,28,44,48,49
07/10/2022,6,17,20,21,31,55
07/10/2020,9,27,33,42,49,54
07/10/2018,8,9,18,19,45,49
07/10/2015,14,16,19,34,40,50
07/10/2012,13,14,16,24,26,36
07/09/2025,2,12,17,29,35,55
07/09/2022,4,7,8,22,24,31
07/09/2016,4,7,20,26,45,51
07/09/2014,2,3,5,23,28,51
07/09/2011,7,16,31,32,42,45
07/08/2024,1,9,11,32,42,50
07/08/2022,10,17,25,28,34,41
07/08/2019,4,15,24,38,55,56
07/08/2016,2,9,36,45,50,54
07/08/2013,18,21,35,37,43,44
07/08/2011,1,7,11,19,35,42
07/07/2024,2,6,13,27,37,47
07/07/2023,6,15,28,38,39,42
07/07/2021,7,10,11,15,41,53
07/07/2019,29,33,40,46,48,53
07/07/2013,4,28,30,33,40,56
07/06/2024,1,10,16,17,40,41
07/06/2023,11,21,26,29,47,49
07/06/2017,2,7,26,37,47,50
07/06/2015,3,21,27,28,35,55
07/05/2025,2,14,17,20,21,33
07/05/2023,3,4,7,8,17,21
07/05/2017,1,4,10,32,45,47
07/05/2014,9,10,17,38,50,55
07/04/2024,13,19,29,39,43,49
07/04/2023,2,15,27,37,42,54
07/04/2021,2,22,26,28,44,47
07/04/2019,6,7,33,34,36,52
07/04/2013,5,11,25,29,45,54
07/03/2025,8,10,15,36,44,51
07/03/2021,2,10,14,15,24,48
07/03/2018,11,18,21,30,34,40
07/03/2012,1,7,16,35,45,55
07/02/2025,12,15,23,35,40,42
07/02/2024,19,21,26,41,43,48
07/02/2021,16,35,37,42,46,48
07/02/2018,6,8,26,34,35,38
07/02/2016,31,38,40,41,46,53
07/01/2026,1,16,20,23,25,34
07/01/2024,1,6,15,25,31,54
07/01/2022,5,7,17,20,34,41
07/01/2018,17,19,27,39,41,45
07/01/2015,3,5,37,43,44,52
06/12/2024,6,11,15,34,37,45
06/12/2023,8,17,22,25,41,49
06/12/2020,8,10,16,27,30,56
06/12/2017,33,34,35,40,44,52
06/12/2015,4,10,21,29,51,56
06/11/2024,1,6,18,29,35,41
06/11/2022,2,18,28,30,50,53
06/11/2019,3,9,15,36,44,52
06/11/2016,29,30,43,44,52,55
06/11/2013,5,6,18,41,54,56
06/11/2011,8,15,20,32,34,45
06/10/2024,10,14,20,24,26,27
06/10/2023,1,5,33,43,52,55
06/10/2021,10,24,27,28,51,55
06/10/2019,8,16,25,50,52,56
06/10/2013,12,18,20,23,25,44
06/10/2010,18,26,27,37,42,45
06/09/2024,4,8,36,51,52,54
06/09/2023,4,16,26,31,32,38
06/09/2020,15,20,27,32,35,53
06/09/2017,7,10,18,30,33,47
06/09/2015,1,18,22,31,33,44
06/08/2025,21,28,36,37,40,47
06/08/2023,27,31,36,43,44,51
06/08/2017,8,10,23,25,30,47
06/08/2014,5,12,14,39,50,56
06/07/2025,11,19,32,33,44,46
06/07/2022,5,8,12,14,25,33
06/07/2016,3,5,11,18,36,54
06/07/2014,1,4,14,33,36,45
06/07/2011,3,6,12,26,34,46
06/06/2025,1,5,7,23,38,42
06/06/2021,7,16,40,44,45,48
06/06/2018,13,15,17,23,47,56
06/06/2012,1,17,20,22,28,32
06/05/2022,14,18,25,37,51,55
06/05/2018,13,17,26,35,45,56
06/05/2015,9,10,13,21,38,43
06/05/2012,5,12,35,49,52,54
06/04/2025,10,12,13,14,36,48
06/04/2022,2,5,32,35,49,51
06/04/2016,3,7,14,23,33,46
06/04/2014,1,15,20,21,33,48
06/04/2011,3,8,23,31,50,51
06/03/2024,4,7,41,42,43,45
06/03/2022,1,7,15,21,55,56
06/03/2019,6,13,25,37,48,53
06/03/2016,5,18,29,41,48,49
06/03/2013,2,6,13,45,46,52
06/03/2011,6,25,29,38,42,50
06/02/2026,9,17,21,25,28,34
06/02/2022,18,25,37,48,52,55
06/02/2019,23,27,39,48,50,54
06/02/2013,15,30,33,37,52,53
06/02/2011,11,15,22,34,46,48
06/01/2023,1,10,16,26,49,50
06/01/2021,2,5,6,23,28,50
06/01/2019,6,24,28,32,47,52
06/01/2016,2,20,29,35,37,47
06/01/2013,4,26,27,31,43,51
05/12/2025,5,6,19,34,45,47
05/12/2021,2,6,9,10,20,29
05/12/2018,17,18,22,26,44,54
05/12/2012,16,24,33,36,38,45
05/12/2010,3,6,7,15,24,31
05/11/2025,9,20,27,34,34,42
05/11/2023,10,24,27,32,34,47
05/11/2017,9,23,25,32,40,54
05/11/2014,35,38,39,42,46,50
05/10/2025,1,6,9,11,34,40
05/10/2022,1,31,34,38,44,50
05/10/2016,11,13,14,18,22,53
05/10/2014,10,22,33,45,54,56
05/10/2011,17,21,38,48,50,52
05/09/2025,7,8,26,38,40,52
05/09/2021,2,11,25,37,49,50
05/09/2018,3,18,38,40,42,45
05/09/2012,17,19,21,22,45,49
05/09/2010,7,14,18,38,43,47
05/08/2022,1,2,16,22,43,48
05/08/2020,6,7,11,26,35,51
05/08/2018,13,16,38,43,50,51
05/08/2015,4,9,13,14,38,40
05/08/2012,4,7,10,24,44,54
05/07/2024,30,39,45,47,55,56
05/07/2023,3,24,29,30,37,50
05/07/2017,18,25,29,32,37,48
05/07/2015,10,18,25,29,38,51
05/06/2024,5,15,27,39,50,53
05/06/2022,6,17,29,38,41,53
05/06/2019,6,13,28,29,31,46
05/06/2016,6,12,29,30,39,55
05/06/2013,7,9,25,30,46,47
05/06/2011,7,18,23,27,45,54
05/05/2024,2,9,36,43,44,51
05/05/2023,10,16,24,27,29,34
05/05/2021,3,21,25,39,43,48
05/05/2019,12,16,23,31,33,48
05/05/2013,12,17,20,21,27,41
05/04/2024,13,20,22,37,41,42
05/04/2023,3,16,25,32,35,39
05/04/2017,8,16,33,39,43,44
05/04/2015,5,14,29,30,46,55
05/03/2025,2,7,20,26,28,47
05/03/2023,31,39,40,47,50,53
05/03/2017,5,8,27,28,31,40
05/03/2014,10,16,28,29,37,48
05/02/2025,1,13,34,39,46,55
05/02/2023,27,29,32,34,46,53
05/02/2020,4,10,14,25,32,38
05/02/2017,22,23,30,44,48,50
05/02/2014,10,34,39,42,44,54
05/02/2012,4,5,6,24,32,50
05/01/2025,1,2,5,10,30,49
05/01/2024,13,27,35,45,49,51
05/01/2022,1,8,28,31,45,49
05/01/2020,1,2,12,22,35,36
05/01/2014,5,14,19,46,54,55
05/01/2011,1,9,27,38,39,56
04/12/2024,5,6,30,36,40,47
04/12/2022,3,15,17,24,49,53
04/12/2019,2,26,28,44,47,56
04/12/2016,17,18,19,27,29,49
04/12/2013,11,14,39,41,47,52
04/12/2011,5,7,10,14,22,27
04/11/2022,21,28,37,39,43,54
04/11/2020,12,22,23,38,47,54
04/11/2018,10,15,22,25,26,34
04/11/2015,8,11,24,25,33,56
04/11/2012,4,6,12,51,54,55
04/10/2024,5,9,13,16,18,53
04/10/2023,7,11,26,37,48,52
04/10/2020,11,13,20,44,45,49
04/10/2017,10,18,20,22,26,40
04/10/2015,2,7,10,21,51,53
04/09/2024,12,21,25,33,43,50
04/09/2022,5,6,20,24,40,52
04/09/2019,22,33,39,43,54,55
04/09/2016,24,28,33,46,50,51
04/09/2013,7,9,20,24,31,40
04/09/2011,16,22,24,37,52,53
04/08/2024,7,12,13,26,46,56
04/08/2023,11,14,21,32,43,54
04/08/2021,1,7,16,33,47,56
04/08/2019,1,2,4,15,21,43
04/08/2013,7,11,15,16,28,49
04/07/2025,1,7,19,32,40,47
04/07/2021,4,20,26,36,49,51
04/07/2018,12,14,19,33,46,48
04/07/2012,6,21,35,38,45,54
04/06/2025,3,6,18,29,48,53
04/06/2023,6,22,29,37,39,42
04/06/2017,6,7,14,20,36,40
04/06/2014,9,14,20,21,32,50
04/05/2025,29,33,36,42,44,46
04/05/2022,4,25,35,40,42,56
04/05/2016,2,6,26,31,35,52
04/05/2014,6,13,18,35,42,53
04/05/2011,2,13,24,27,28,34
04/04/2025,5,19,26,37,43,44
04/04/2021,8,9,17,27,45,51
04/04/2018,16,25,30,36,51,53
04/04/2012,12,13,15,29,48,54
04/03/2022,4,7,13,26,27,39
04/03/2020,3,16,26,36,42,46
04/03/2018,6,12,22,23,24,39
04/03/2015,11,15,29,31,36,42
04/03/2012,2,11,24,26,48,51
04/02/2026,1,4,5,13,34,43
04/02/2024,1,6,10,25,36,54
04/02/2022,11,14,20,44,48,53
04/02/2018,2,4,7,11,23,46
04/02/2015,6,24,40,47,48,51
04/01/2026,8,10,27,34,41,47
04/01/2023,1,8,16,27,37,49
04/01/2017,3,12,16,26,29,46
04/01/2015,2,7,12,18,41,54
04/01/2012,13,15,22,23,36,38
03/12/2025,24,32,34,40,44,45
03/12/2023,18,23,43,45,48,52
03/12/2021,2,3,16,26,34,56
03/12/2017,2,3,11,20,23,34
03/12/2014,5,15,22,28,41,51
03/11/2024,13,22,30,39,40,49
03/11/2023,9,11,15,24,26,45
03/11/2021,17,24,33,36,37,45
03/11/2019,9,31,32,34,52,54
03/11/2013,20,27,31,42,53,54
03/11/2010,8,9,13,17,21,39
03/10/2025,19,26,34,42,47,50
03/10/2021,24,28,36,50,52,56
03/10/2018,9,13,15,29,45,46
03/10/2012,10,17,23,39,42,56
03/10/2010,3,7,19,30,44,56
03/09/2025,12,16,28,38,44,50
03/09/2023,10,17,21,26,44,50
03/09/2017,12,13,36,38,39,45
03/09/2014,14,21,28,30,34,45
03/08/2025,5,9,13,18,25,39
03/08/2022,1,11,22,43,44,45
03/08/2016,10,19,21,32,44,52
03/08/2014,7,19,22,32,48,49
03/08/2011,1,9,14,37,40,41
03/07/2024,2,16,17,27,43,56
03/07/2022,1,11,33,39,45,48
03/07/2019,8,17,28,34,43,48
03/07/2016,2,11,22,43,50,55
03/07/2013,29,34,36,50,51,54
03/07/2011,15,25,32,33,37,45
03/06/2022,4,5,9,38,42,54
03/06/2018,10,15,33,42,43,44
03/06/2015,10,22,28,30,43,56
03/06/2012,8,13,21,27,33,36
03/05/2024,17,21,24,32,40,42
03/05/2023,6,22,25,27,37,39
03/05/2017,19,20,27,30,46,56
03/05/2015,4,25,26,34,39,51
03/04/2024,2,7,32,43,47,48
03/04/2022,1,2,22,33,45,46
03/04/2019,4,7,15,19,42,44
03/04/2016,6,15,17,23,35,54
03/04/2013,13,17,18,21,37,45
03/04/2011,1,19,36,47,49,52
03/03/2024,3,4,20,23,26,35
03/03/2023,12,14,15,28,38,45
03/03/2021,4,10,13,14,22,37
03/03/2019,9,19,26,28,34,44
03/03/2013,5,11,19,40,52,55
03/02/2023,13,23,25,32,42,54
03/02/2021,6,9,26,51,52,54
03/02/2019,2,10,18,46,47,54
03/02/2016,9,30,39,40,48,54
03/02/2013,13,22,32,33,44,53
03/01/2025,4,24,38,43,48,56
03/01/2024,10,29,34,40,46,54
03/01/2021,3,6,19,46,47,54
03/01/2018,9,12,17,22,39,41
03/01/2016,5,13,30,32,44,54
02/12/2022,11,14,15,21,24,51
02/12/2020,4,5,22,28,41,42
02/12/2018,2,12,14,21,22,33
02/12/2015,1,6,10,24,30,53
02/12/2012,2,6,23,46,48,53
02/11/2025,2,3,18,28,34,48
02/11/2022,4,10,18,32,48,50
02/11/2016,16,20,21,23,24,56
02/11/2014,3,6,13,20,21,44
02/11/2011,3,15,28,40,48,55
02/10/2024,3,7,10,17,20,52
02/10/2022,8,12,17,27,32,47
02/10/2019,2,3,14,23,28,55
02/10/2016,6,8,9,19,32,34
02/10/2013,21,26,35,42,44,51
02/10/2011,4,5,22,32,35,39
02/09/2022,14,34,40,42,46,56
02/09/2020,17,25,35,36,38,49
02/09/2018,5,22,29,43,49,50
02/09/2015,6,9,10,15,21,37
02/09/2012,4,8,30,39,49,56
02/08/2024,5,6,12,13,21,38
02/08/2023,6,9,15,36,39,44
02/08/2020,1,4,5,10,11,43
02/08/2017,5,24,26,29,45,47
02/08/2015,5,13,20,22,48,56
02/07/2025,1,19,33,34,36,47
02/07/2023,9,15,25,47,49,56
02/07/2017,19,22,29,30,53,55
02/07/2014,6,16,43,45,47,54
02/06/2024,5,6,19,31,33,43
02/06/2023,10,20,28,31,41,45
02/06/2021,21,24,28,34,45,48
02/06/2019,14,15,17,27,36,40
02/06/2013,7,14,18,27,39,46
02/05/2025,23,42,44,47,50,51
02/05/2021,10,25,26,30,40,46
02/05/2018,9,13,23,42,44,48
02/05/2012,5,7,21,27,41,54
02/04/2025,14,26,32,33,43,48
02/04/2023,20,27,31,39,40,47
02/04/2017,4,16,22,34,40,48
02/04/2014,4,9,11,24,33,56
02/03/2025,20,21,22,37,43,55
02/03/2022,2,12,24,35,38,55
02/03/2016,2,15,32,34,52,56
02/03/2014,4,13,22,29,32,40
02/03/2011,5,12,16,28,31,47
02/02/2025,11,18,33,36,50,55
02/02/2024,11,12,26,35,46,52
02/02/2022,1,14,24,43,52,53
02/02/2020,4,22,26,27,38,46
02/02/2014,12,13,31,34,47,50
02/02/2011,10,12,17,27,32,47
02/01/2026,8,24,32,34,42,43
02/01/2022,17,21,34,39,41,43
02/01/2019,5,9,16,22,50,55
02/01/2013,22,23,27,39,49,52
02/01/2011,6,25,29,33,42,46
01/12/2024,16,22,34,36,42,46
01/12/2023,25,27,36,44,47,56
01/12/2021,15,16,35,42,49,55
01/12/2019,17,29,32,38,43,56
01/12/2013,8,17,34,37,42,43
01/12/2010,3,7,15,22,29,53
01/11/2024,5,15,33,44,48,54
01/11/2023,14,44,46,49,53,55
01/11/2020,7,12,14,39,48,55
01/11/2017,2,13,15,20,32,35
01/11/2015,4,12,25,34,43,47
01/10/2025,3,16,17,27,29,34
01/10/2023,5,9,11,21,32,35
01/10/2017,19,22,25,42,50,55
01/10/2014,7,20,31,37,50,56
01/09/2024,13,14,16,23,42,43
01/09/2023,1,3,19,25,28,33
01/09/2021,10,13,18,24,30,52
01/09/2019,5,13,19,20,25,38
01/09/2013,8,18,22,36,39,56
01/09/2010,7,19,29,40,52,55
01/08/2025,2,3,14,38,41,51
01/08/2021,3,20,28,37,39,48
01/08/2018,16,17,19,44,45,53
01/08/2012,23,28,37,41,46,50
01/07/2022,1,5,38,42,45,51
01/07/2018,13,14,16,48,49,56
01/07/2015,28,32,34,36,43,49
01/07/2012,1,16,17,32,45,51
01/06/2025,4,37,40,44,49,56
01/06/2022,17,33,38,40,50,55
01/06/2016,5,11,15,17,47,48
01/06/2014,4,11,20,25,27,40
01/06/2011,25,32,39,40,41,54
01/05/2024,16,18,23,27,34,45
01/05/2022,10,28,34,36,42,54
01/05/2019,1,7,33,41,45,55
01/05/2016,2,5,30,36,42,55
01/05/2013,2,14,18,25,36,55
01/05/2011,1,14,19,42,47,52
01/04/2022,17,24,25,36,37,38
01/04/2020,8,14,30,35,47,52
01/04/2018,12,28,29,36,50,56
01/04/2015,7,8,10,17,26,48
01/04/2012,22,23,24,28,30,42
01/03/2024,3,17,18,29,33,40
01/03/2023,6,16,17,35,43,46
01/03/2020,9,11,43,48,53,56
01/03/2017,6,8,21,32,41,45
01/03/2015,17,18,29,31,32,39
01/02/2026,3,13,29,33,34,35
01/02/2023,13,16,36,38,42,55
01/02/2017,1,21,22,34,37,46
01/02/2015,23,25,34,37,39,51
01/02/2012,27,30,37,43,44,55
01/01/2025,4,6,11,31,45,48
01/01/2023,13,22,25,43,51,54
01/01/2020,5,17,18,35,40,49
01/01/2017,16,32,35,36,44,50
01/01/2014,2,10,24,31,35,49
01/01/2012,12,28,31,40,52,54
